,NAME,STABREV,number_uninsured,percent_uninsured,RACECAT,race_category,time,state,highlight
1,Alabama,AL,600542,15.3,0,All Races,2008,01,0
5,Alaska,AK,128812,20.5,0,All Races,2008,02,0
9,Arizona,AZ,1138508,20.5,0,All Races,2008,04,0
13,Arkansas,AR,472500,19.8,0,All Races,2008,05,0
17,California,CA,6166623,19.2,0,All Races,2008,06,0
21,Colorado,CO,785439,18.1,0,All Races,2008,08,0
25,Connecticut,CT,298164,10.1,0,All Races,2008,09,0
29,Delaware,DE,85208,11.7,0,All Races,2008,10,0
33,District of Columbia,DC,42390,8.6,0,All Races,2008,11,0
37,Florida,FL,3581341,24.2,0,All Races,2008,12,0
41,Georgia,GA,1700333,20.1,0,All Races,2008,13,0
45,Hawaii,HI,85490,7.7,0,All Races,2008,15,0
49,Idaho,ID,250615,19.1,0,All Races,2008,16,0
53,Illinois,IL,1542646,13.9,0,All Races,2008,17,0
57,Indiana,IN,817222,15.1,0,All Races,2008,18,0
61,Iowa,IA,248020,10.0,0,All Races,2008,19,0
65,Kansas,KS,305209,12.8,0,All Races,2008,20,0
69,Kentucky,KY,542705,15.0,0,All Races,2008,21,0
73,Louisiana,LA,732996,19.5,0,All Races,2008,22,0
77,Maine,ME,131753,12.1,0,All Races,2008,23,0
81,Maryland,MD,596241,12.3,0,All Races,2008,24,0
85,Massachusetts,MA,240442,4.4,0,All Races,2008,25,2
89,Michigan,MI,1054990,12.4,0,All Races,2008,26,0
93,Minnesota,MN,423662,9.5,0,All Races,2008,27,0
97,Mississippi,MS,479108,19.3,0,All Races,2008,28,0
101,Missouri,MO,711271,14.3,0,All Races,2008,29,0
105,Montana,MT,166021,20.4,0,All Races,2008,30,0
109,Nebraska,NE,184040,12.2,0,All Races,2008,31,0
113,Nevada,NV,529094,23.2,0,All Races,2008,32,0
117,New Hampshire,NH,134877,12.1,0,All Races,2008,33,0
121,New Jersey,NJ,1017136,13.7,0,All Races,2008,34,0
125,New Mexico,NM,404763,23.9,0,All Races,2008,35,1
129,New York,NY,2156461,13.1,0,All Races,2008,36,0
133,North Carolina,NC,1361040,17.4,0,All Races,2008,37,0
137,North Dakota,ND,61607,11.6,0,All Races,2008,38,0
141,Ohio,OH,1261883,13.1,0,All Races,2008,39,0
145,Oklahoma,OK,660010,21.5,0,All Races,2008,40,0
149,Oregon,OR,579896,18.0,0,All Races,2008,41,0
153,Pennsylvania,PA,1080141,10.6,0,All Races,2008,42,0
157,Rhode Island,RI,103424,11.8,0,All Races,2008,44,0
161,South Carolina,SC,721391,19.2,0,All Races,2008,45,0
165,South Dakota,SD,84655,12.7,0,All Races,2008,46,0
169,Tennessee,TN,777755,14.8,0,All Races,2008,47,0
173,Texas,TX,5494593,25.7,0,All Races,2008,48,0
177,Utah,UT,399117,16.3,0,All Races,2008,49,0
181,Vermont,VT,53056,10.3,0,All Races,2008,50,0
185,Virginia,VA,874962,13.2,0,All Races,2008,51,0
189,Washington,WA,796579,14.0,0,All Races,2008,53,0
193,West Virginia,WV,259978,17.4,0,All Races,2008,54,0
197,Wisconsin,WI,476388,10.0,0,All Races,2008,55,0
201,Wyoming,WY,71703,15.8,0,All Races,2008,56,0
205,Alabama,AL,623621,15.8,0,All Races,2009,01,0
209,Alaska,AK,144785,22.7,0,All Races,2009,02,0
213,Arizona,AZ,1118761,19.9,0,All Races,2009,04,0
217,Arkansas,AR,471567,19.6,0,All Races,2009,05,0
221,California,CA,6491176,20.1,0,All Races,2009,06,0
225,Colorado,CO,756645,17.2,0,All Races,2009,08,0
229,Connecticut,CT,299521,10.2,0,All Races,2009,09,0
233,Delaware,DE,88758,12.0,0,All Races,2009,10,0
237,District of Columbia,DC,40951,8.2,0,All Races,2009,11,0
241,Florida,FL,3735524,24.9,0,All Races,2009,12,0
245,Georgia,GA,1815729,21.2,0,All Races,2009,13,0
249,Hawaii,HI,91365,8.2,0,All Races,2009,15,0
253,Idaho,ID,257017,19.3,0,All Races,2009,16,0
257,Illinois,IL,1658111,15.0,0,All Races,2009,17,0
261,Indiana,IN,882602,16.2,0,All Races,2009,18,0
265,Iowa,IA,247530,10.0,0,All Races,2009,19,0
269,Kansas,KS,349636,14.6,0,All Races,2009,20,0
273,Kentucky,KY,601743,16.5,0,All Races,2009,21,0
277,Louisiana,LA,766181,20.0,0,All Races,2009,22,0
281,Maine,ME,135054,12.5,0,All Races,2009,23,0
285,Maryland,MD,627606,12.9,0,All Races,2009,24,0
289,Massachusetts,MA,269241,4.9,0,All Races,2009,25,2
293,Michigan,MI,1173560,13.9,0,All Races,2009,26,0
297,Minnesota,MN,460534,10.2,0,All Races,2009,27,0
301,Mississippi,MS,509923,20.5,0,All Races,2009,28,0
305,Missouri,MO,764772,15.2,0,All Races,2009,29,0
309,Montana,MT,176837,21.7,0,All Races,2009,30,0
313,Nebraska,NE,202324,13.3,0,All Races,2009,31,0
317,Nevada,NV,565573,24.5,0,All Races,2009,32,0
321,New Hampshire,NH,133464,12.0,0,All Races,2009,33,0
325,New Jersey,NJ,1071584,14.4,0,All Races,2009,34,0
329,New Mexico,NM,394687,22.9,0,All Races,2009,35,1
333,New York,NY,2172693,13.2,0,All Races,2009,36,0
337,North Carolina,NC,1431168,18.0,0,All Races,2009,37,0
341,North Dakota,ND,61244,11.5,0,All Races,2009,38,0
345,Ohio,OH,1358090,14.0,0,All Races,2009,39,0
349,Oklahoma,OK,666731,21.4,0,All Races,2009,40,0
353,Oregon,OR,628573,19.4,0,All Races,2009,41,0
357,Pennsylvania,PA,1203026,11.7,0,All Races,2009,42,0
361,Rhode Island,RI,116176,13.3,0,All Races,2009,44,0
365,South Carolina,SC,737955,19.4,0,All Races,2009,45,0
369,South Dakota,SD,99891,14.8,0,All Races,2009,46,0
373,Tennessee,TN,867718,16.3,0,All Races,2009,47,0
377,Texas,TX,5710171,26.3,0,All Races,2009,48,0
381,Utah,UT,397794,15.9,0,All Races,2009,49,0
385,Vermont,VT,53420,10.4,0,All Races,2009,50,0
389,Virginia,VA,908234,13.6,0,All Races,2009,51,0
393,Washington,WA,865282,15.0,0,All Races,2009,53,0
397,West Virginia,WV,250222,16.8,0,All Races,2009,54,0
401,Wisconsin,WI,506363,10.6,0,All Races,2009,55,0
405,Wyoming,WY,80707,17.3,0,All Races,2009,56,0
409,Alabama,AL,681437,16.9,0,All Races,2010,01,0
413,Alaska,AK,138777,21.4,0,All Races,2010,02,0
417,Arizona,AZ,1042809,19.3,0,All Races,2010,04,0
421,Arkansas,AR,500134,20.6,0,All Races,2010,05,0
425,California,CA,6720279,20.7,0,All Races,2010,06,0
429,Colorado,CO,777411,17.7,0,All Races,2010,08,0
433,Connecticut,CT,309864,10.4,0,All Races,2010,09,0
437,Delaware,DE,86894,11.6,0,All Races,2010,10,0
441,District of Columbia,DC,45483,9.0,0,All Races,2010,11,0
445,Florida,FL,3853392,25.3,0,All Races,2010,12,0
449,Georgia,GA,1848505,21.9,0,All Races,2010,13,0
453,Hawaii,HI,102658,8.9,0,All Races,2010,15,0
457,Idaho,ID,273440,20.3,0,All Races,2010,16,0
461,Illinois,IL,1717178,15.6,0,All Races,2010,17,0
465,Indiana,IN,929589,17.0,0,All Races,2010,18,0
469,Iowa,IA,270219,10.7,0,All Races,2010,19,0
473,Kansas,KS,380567,15.8,0,All Races,2010,20,0
477,Kentucky,KY,640974,17.5,0,All Races,2010,21,0
481,Louisiana,LA,793782,20.5,0,All Races,2010,22,0
485,Maine,ME,132154,12.2,0,All Races,2010,23,0
489,Maryland,MD,630139,12.7,0,All Races,2010,24,0
493,Massachusetts,MA,281724,5.2,0,All Races,2010,25,2
497,Michigan,MI,1193021,14.3,0,All Races,2010,26,0
501,Minnesota,MN,468857,10.3,0,All Races,2010,27,0
505,Mississippi,MS,525570,21.0,0,All Races,2010,28,0
509,Missouri,MO,766031,15.3,0,All Races,2010,29,0
513,Montana,MT,170509,20.7,0,All Races,2010,30,0
517,Nebraska,NE,206100,13.4,0,All Races,2010,31,0
521,Nevada,NV,589059,25.1,0,All Races,2010,32,0
525,New Hampshire,NH,143475,13.0,0,All Races,2010,33,0
529,New Jersey,NJ,1124840,15.0,0,All Races,2010,34,0
533,New Mexico,NM,397890,22.6,0,All Races,2010,35,1
537,New York,NY,2245437,13.7,0,All Races,2010,36,0
541,North Carolina,NC,1549918,19.1,0,All Races,2010,37,0
545,North Dakota,ND,63683,11.4,0,All Races,2010,38,0
549,Ohio,OH,1384046,14.3,0,All Races,2010,39,0
553,Oklahoma,OK,691408,21.9,0,All Races,2010,40,0
557,Oregon,OR,639710,19.7,0,All Races,2010,41,0
561,Pennsylvania,PA,1254674,12.1,0,All Races,2010,42,0
565,Rhode Island,RI,120001,13.8,0,All Races,2010,44,0
569,South Carolina,SC,785961,20.3,0,All Races,2010,45,0
573,South Dakota,SD,94404,13.9,0,All Races,2010,46,0
577,Tennessee,TN,888747,16.6,0,All Races,2010,47,0
581,Texas,TX,5820793,26.3,0,All Races,2010,48,0
585,Utah,UT,414476,16.7,0,All Races,2010,49,0
589,Vermont,VT,49750,9.7,0,All Races,2010,50,0
593,Virginia,VA,1009466,14.8,0,All Races,2010,51,0
597,Washington,WA,936767,16.1,0,All Races,2010,53,0
601,West Virginia,WV,262794,17.4,0,All Races,2010,54,0
605,Wisconsin,WI,518246,10.8,0,All Races,2010,55,0
609,Wyoming,WY,83761,17.3,0,All Races,2010,56,0
613,Alabama,AL,669410,16.6,0,All Races,2011,01,0
617,Alaska,AK,141836,21.7,0,All Races,2011,02,0
621,Arizona,AZ,1064887,19.6,0,All Races,2011,04,0
625,Arkansas,AR,490103,20.1,0,All Races,2011,05,0
629,California,CA,6603169,20.2,0,All Races,2011,06,0
633,Colorado,CO,753842,17.0,0,All Races,2011,08,0
637,Connecticut,CT,299599,10.1,0,All Races,2011,09,0
641,Delaware,DE,84181,11.2,0,All Races,2011,10,0
645,District of Columbia,DC,42737,8.3,0,All Races,2011,11,0
649,Florida,FL,3804839,24.8,0,All Races,2011,12,0
653,Georgia,GA,1846990,21.7,0,All Races,2011,13,0
657,Hawaii,HI,94510,8.1,0,All Races,2011,15,0
661,Idaho,ID,255479,18.9,0,All Races,2011,16,0
665,Illinois,IL,1627886,14.8,0,All Races,2011,17,0
669,Indiana,IN,911674,16.6,0,All Races,2011,18,0
673,Iowa,IA,263528,10.4,0,All Races,2011,19,0
677,Kansas,KS,348974,14.4,0,All Races,2011,20,0
681,Kentucky,KY,621065,16.9,0,All Races,2011,21,0
685,Louisiana,LA,783015,20.1,0,All Races,2011,22,0
689,Maine,ME,139781,12.9,0,All Races,2011,23,0
693,Maryland,MD,595770,12.0,0,All Races,2011,24,0
697,Massachusetts,MA,267661,4.9,0,All Races,2011,25,2
701,Michigan,MI,1130594,13.6,0,All Races,2011,26,0
705,Minnesota,MN,462930,10.2,0,All Races,2011,27,0
709,Mississippi,MS,516526,20.6,0,All Races,2011,28,0
713,Missouri,MO,801665,16.0,0,All Races,2011,29,0
717,Montana,MT,178926,21.6,0,All Races,2011,30,0
721,Nebraska,NE,205574,13.3,0,All Races,2011,31,0
725,Nevada,NV,560498,23.8,0,All Races,2011,32,0
729,New Hampshire,NH,137349,12.5,0,All Races,2011,33,0
733,New Jersey,NJ,1114220,14.9,0,All Races,2011,34,0
737,New Mexico,NM,405848,23.0,0,All Races,2011,35,1
741,New York,NY,2155975,13.2,0,All Races,2011,36,0
745,North Carolina,NC,1528388,18.7,0,All Races,2011,37,0
749,North Dakota,ND,65997,11.6,0,All Races,2011,38,0
753,Ohio,OH,1338208,13.9,0,All Races,2011,39,0
757,Oklahoma,OK,695537,21.8,0,All Races,2011,40,0
761,Oregon,OR,589681,18.1,0,All Races,2011,41,0
765,Pennsylvania,PA,1249474,12.0,0,All Races,2011,42,0
769,Rhode Island,RI,110145,12.8,0,All Races,2011,44,0
773,South Carolina,SC,755487,19.4,0,All Races,2011,45,0
777,South Dakota,SD,94966,13.9,0,All Races,2011,46,0
781,Tennessee,TN,918356,17.0,0,All Races,2011,47,0
785,Texas,TX,5771479,25.7,0,All Races,2011,48,0
789,Utah,UT,417274,16.6,0,All Races,2011,49,0
793,Vermont,VT,40681,8.0,0,All Races,2011,50,0
797,Virginia,VA,979509,14.3,0,All Races,2011,51,0
801,Washington,WA,937962,16.0,0,All Races,2011,53,0
805,West Virginia,WV,272782,18.1,0,All Races,2011,54,0
809,Wisconsin,WI,494532,10.3,0,All Races,2011,55,0
813,Wyoming,WY,84035,17.3,0,All Races,2011,56,0
817,Alabama,AL,633845,15.8,0,All Races,2012,01,0
821,Alaska,AK,146928,22.3,0,All Races,2012,02,0
825,Arizona,AZ,1111138,20.4,0,All Races,2012,04,0
829,Arkansas,AR,471902,19.4,0,All Races,2012,05,0
833,California,CA,6580078,20.0,0,All Races,2012,06,0
837,Colorado,CO,744887,16.7,0,All Races,2012,08,0
841,Connecticut,CT,313293,10.5,0,All Races,2012,09,0
845,Delaware,DE,77920,10.3,0,All Races,2012,10,0
849,District of Columbia,DC,36824,7.0,0,All Races,2012,11,0
853,Florida,FL,3724873,24.1,0,All Races,2012,12,0
857,Georgia,GA,1767578,20.7,0,All Races,2012,13,0
861,Hawaii,HI,90741,7.8,0,All Races,2012,15,0
865,Idaho,ID,250246,18.5,0,All Races,2012,16,0
869,Illinois,IL,1593191,14.6,0,All Races,2012,17,0
873,Indiana,IN,911449,16.6,0,All Races,2012,18,0
877,Iowa,IA,249896,9.9,0,All Races,2012,19,0
881,Kansas,KS,348613,14.4,0,All Races,2012,20,0
885,Kentucky,KY,593832,16.2,0,All Races,2012,21,0
889,Louisiana,LA,755908,19.4,0,All Races,2012,22,0
893,Maine,ME,133087,12.4,0,All Races,2012,23,0
897,Maryland,MD,587764,11.8,0,All Races,2012,24,0
901,Massachusetts,MA,246614,4.5,0,All Races,2012,25,2
905,Michigan,MI,1103508,13.4,0,All Races,2012,26,0
909,Minnesota,MN,419196,9.2,0,All Races,2012,27,0
913,Mississippi,MS,491937,19.7,0,All Races,2012,28,0
917,Missouri,MO,790984,15.8,0,All Races,2012,29,0
921,Montana,MT,178730,21.6,0,All Races,2012,30,0
925,Nebraska,NE,200265,12.9,0,All Races,2012,31,0
929,Nevada,NV,580575,24.5,0,All Races,2012,32,0
933,New Hampshire,NH,138091,12.6,0,All Races,2012,33,0
937,New Jersey,NJ,1089994,14.6,0,All Races,2012,34,0
941,New Mexico,NM,378252,21.5,0,All Races,2012,35,1
945,New York,NY,2073007,12.6,0,All Races,2012,36,0
949,North Carolina,NC,1556925,19.0,0,All Races,2012,37,0
953,North Dakota,ND,70025,12.0,0,All Races,2012,38,0
957,Ohio,OH,1294898,13.5,0,All Races,2012,39,0
961,Oklahoma,OK,684288,21.4,0,All Races,2012,40,0
965,Oregon,OR,566354,17.4,0,All Races,2012,41,0
969,Pennsylvania,PA,1210961,11.7,0,All Races,2012,42,0
973,Rhode Island,RI,110225,12.8,0,All Races,2012,44,0
977,South Carolina,SC,770336,19.8,0,All Races,2012,45,0
981,South Dakota,SD,94071,13.6,0,All Races,2012,46,0
985,Tennessee,TN,875361,16.2,0,All Races,2012,47,0
989,Texas,TX,5712298,25.2,0,All Races,2012,48,0
993,Utah,UT,398299,15.7,0,All Races,2012,49,0
997,Vermont,VT,39972,7.9,0,All Races,2012,50,0
1001,Virginia,VA,981173,14.2,0,All Races,2012,51,0
1005,Washington,WA,933183,15.8,0,All Races,2012,53,0
1009,West Virginia,WV,264082,17.6,0,All Races,2012,54,0
1013,Wisconsin,WI,498050,10.4,0,All Races,2012,55,0
1017,Wyoming,WY,84401,17.3,0,All Races,2012,56,0
1021,Alabama,AL,637841,15.9,0,All Races,2013,01,0
1025,Alaska,AK,135757,20.8,0,All Races,2013,02,0
1029,Arizona,AZ,1092617,20.0,0,All Races,2013,04,0
1033,Arkansas,AR,458780,18.8,0,All Races,2013,05,0
1037,California,CA,6368296,19.4,0,All Races,2013,06,0
1041,Colorado,CO,722130,16.0,0,All Races,2013,08,0
1045,Connecticut,CT,322785,10.9,0,All Races,2013,09,0
1049,Delaware,DE,82347,10.9,0,All Races,2013,10,0
1053,District of Columbia,DC,40687,7.5,0,All Races,2013,11,0
1057,Florida,FL,3778848,24.3,0,All Races,2013,12,0
1061,Georgia,GA,1810621,21.2,0,All Races,2013,13,0
1065,Hawaii,HI,88089,7.6,0,All Races,2013,15,0
1069,Idaho,ID,256305,18.8,0,All Races,2013,16,0
1073,Illinois,IL,1588326,14.6,0,All Races,2013,17,0
1077,Indiana,IN,887375,16.1,0,All Races,2013,18,0
1081,Iowa,IA,244164,9.6,0,All Races,2013,19,0
1085,Kansas,KS,341248,14.1,0,All Races,2013,20,0
1089,Kentucky,KY,615363,16.8,0,All Races,2013,21,0
1093,Louisiana,LA,746374,19.1,0,All Races,2013,22,0
1097,Maine,ME,143651,13.5,0,All Races,2013,23,0
1101,Maryland,MD,584728,11.7,0,All Races,2013,24,0
1105,Massachusetts,MA,238392,4.3,0,All Races,2013,25,2
1109,Michigan,MI,1059974,12.9,0,All Races,2013,26,0
1113,Minnesota,MN,433829,9.5,0,All Races,2013,27,0
1117,Mississippi,MS,498591,20.0,0,All Races,2013,28,0
1121,Missouri,MO,762811,15.3,0,All Races,2013,29,0
1125,Montana,MT,166184,20.0,0,All Races,2013,30,0
1129,Nebraska,NE,201766,12.9,0,All Races,2013,31,0
1133,Nevada,NV,551933,23.3,0,All Races,2013,32,0
1137,New Hampshire,NH,139569,12.8,0,All Races,2013,33,0
1141,New Jersey,NJ,1125246,15.0,0,All Races,2013,34,0
1145,New Mexico,NM,380445,21.9,0,All Races,2013,35,1
1149,New York,NY,2036206,12.4,0,All Races,2013,36,0
1153,North Carolina,NC,1491079,18.1,0,All Races,2013,37,0
1157,North Dakota,ND,73944,12.3,0,All Races,2013,38,0
1161,Ohio,OH,1248847,13.0,0,All Races,2013,39,0
1165,Oklahoma,OK,659369,20.6,0,All Races,2013,40,0
1169,Oregon,OR,560102,17.2,0,All Races,2013,41,0
1173,Pennsylvania,PA,1204620,11.6,0,All Races,2013,42,0
1177,Rhode Island,RI,118849,13.9,0,All Races,2013,44,0
1181,South Carolina,SC,729833,18.6,0,All Races,2013,45,0
1185,South Dakota,SD,89295,12.8,0,All Races,2013,46,0
1189,Tennessee,TN,878198,16.2,0,All Races,2013,47,0
1193,Texas,TX,5695879,24.8,0,All Races,2013,48,0
1197,Utah,UT,393334,15.3,0,All Races,2013,49,0
1201,Vermont,VT,43638,8.7,0,All Races,2013,50,0
1205,Virginia,VA,971264,14.0,0,All Races,2013,51,0
1209,Washington,WA,940952,15.9,0,All Races,2013,53,0
1213,West Virginia,WV,254261,17.1,0,All Races,2013,54,0
1217,Wisconsin,WI,505462,10.6,0,All Races,2013,55,0
1221,Wyoming,WY,77766,15.8,0,All Races,2013,56,0
1225,Alabama,AL,567439,14.2,0,All Races,2014,01,0
1229,Alaska,AK,123604,19.0,0,All Races,2014,02,0
1233,Arizona,AZ,886514,16.1,0,All Races,2014,04,0
1237,Arkansas,AR,336619,13.8,0,All Races,2014,05,0
1241,California,CA,4655102,14.1,0,All Races,2014,06,0
1245,Colorado,CO,535569,11.7,0,All Races,2014,08,0
1249,Connecticut,CT,236861,8.0,0,All Races,2014,09,0
1253,Delaware,DE,70640,9.3,0,All Races,2014,10,0
1257,District of Columbia,DC,32799,5.9,0,All Races,2014,11,0
1261,Florida,FL,3176171,20.2,0,All Races,2014,12,0
1265,Georgia,GA,1549301,18.0,0,All Races,2014,13,0
1269,Hawaii,HI,69936,6.0,0,All Races,2014,15,0
1273,Idaho,ID,216276,15.7,0,All Races,2014,16,0
1277,Illinois,IL,1211871,11.2,0,All Races,2014,17,0
1281,Indiana,IN,768504,14.0,0,All Races,2014,18,0
1285,Iowa,IA,185413,7.3,0,All Races,2014,19,0
1289,Kansas,KS,284342,11.7,0,All Races,2014,20,0
1293,Kentucky,KY,360275,9.9,0,All Races,2014,21,0
1297,Louisiana,LA,661811,16.9,0,All Races,2014,22,0
1301,Maine,ME,131550,12.4,0,All Races,2014,23,0
1305,Maryland,MD,450280,8.9,0,All Races,2014,24,0
1309,Massachusetts,MA,208262,3.8,0,All Races,2014,25,2
1313,Michigan,MI,827968,10.1,0,All Races,2014,26,0
1317,Minnesota,MN,308991,6.7,0,All Races,2014,27,0
1321,Mississippi,MS,424433,17.1,0,All Races,2014,28,0
1325,Missouri,MO,682388,13.7,0,All Races,2014,29,0
1329,Montana,MT,139768,16.8,0,All Races,2014,30,0
1333,Nebraska,NE,173309,11.0,0,All Races,2014,31,0
1337,Nevada,NV,416208,17.3,0,All Races,2014,32,0
1341,New Hampshire,NH,118870,11.0,0,All Races,2014,33,0
1345,New Jersey,NJ,940315,12.6,0,All Races,2014,34,0
1349,New Mexico,NM,295204,17.1,0,All Races,2014,35,1
1353,New York,NY,1654986,10.1,0,All Races,2014,36,0
1357,North Carolina,NC,1254138,15.2,0,All Races,2014,37,0
1361,North Dakota,ND,57168,9.3,0,All Races,2014,38,0
1365,Ohio,OH,947102,9.9,0,All Races,2014,39,0
1369,Oklahoma,OK,576768,17.9,0,All Races,2014,40,0
1373,Oregon,OR,378857,11.6,0,All Races,2014,41,0
1377,Pennsylvania,PA,1047882,10.2,0,All Races,2014,42,0
1381,Rhode Island,RI,74089,8.6,0,All Races,2014,44,0
1385,South Carolina,SC,635365,16.1,0,All Races,2014,45,0
1389,South Dakota,SD,81569,11.6,0,All Races,2014,46,0
1393,Tennessee,TN,765026,14.1,0,All Races,2014,47,0
1397,Texas,TX,4976322,21.4,0,All Races,2014,48,0
1401,Utah,UT,360274,13.8,0,All Races,2014,49,0
1405,Vermont,VT,30387,6.1,0,All Races,2014,50,0
1409,Virginia,VA,863567,12.4,0,All Races,2014,51,0
1413,Washington,WA,630600,10.6,0,All Races,2014,53,0
1417,West Virginia,WV,156077,10.6,0,All Races,2014,54,0
1421,Wisconsin,WI,407618,8.6,0,All Races,2014,55,0
1425,Wyoming,WY,69582,14.2,0,All Races,2014,56,0
1429,Alabama,AL,475233,11.9,0,All Races,2015,01,0
1433,Alaska,AK,105982,16.3,0,All Races,2015,02,0
1437,Arizona,AZ,710610,12.8,0,All Races,2015,04,0
1441,Arkansas,AR,269055,11.1,0,All Races,2015,05,0
1445,California,CA,3234373,9.7,0,All Races,2015,06,0
1449,Colorado,CO,428602,9.2,0,All Races,2015,08,0
1453,Connecticut,CT,201842,6.9,0,All Races,2015,09,0
1457,Delaware,DE,52951,6.9,0,All Races,2015,10,0
1461,District of Columbia,DC,24198,4.3,0,All Races,2015,11,0
1465,Florida,FL,2602192,16.3,0,All Races,2015,12,0
1469,Georgia,GA,1366843,15.8,0,All Races,2015,13,0
1473,Hawaii,HI,55299,4.8,0,All Races,2015,15,0
1477,Idaho,ID,177426,12.8,0,All Races,2015,16,0
1481,Illinois,IL,885019,8.2,0,All Races,2015,17,0
1485,Indiana,IN,621372,11.3,0,All Races,2015,18,0
1489,Iowa,IA,149178,5.9,0,All Races,2015,19,0
1493,Kansas,KS,253816,10.5,0,All Races,2015,20,0
1497,Kentucky,KY,258239,7.1,0,All Races,2015,21,0
1501,Louisiana,LA,538466,13.8,0,All Races,2015,22,0
1505,Maine,ME,108771,10.3,0,All Races,2015,23,0
1509,Maryland,MD,374972,7.4,0,All Races,2015,24,0
1513,Massachusetts,MA,180139,3.2,0,All Races,2015,25,2
1517,Michigan,MI,590197,7.2,0,All Races,2015,26,0
1521,Minnesota,MN,237981,5.2,0,All Races,2015,27,0
1525,Mississippi,MS,365919,14.8,0,All Races,2015,28,0
1529,Missouri,MO,574373,11.5,0,All Races,2015,29,0
1533,Montana,MT,118357,14.2,0,All Races,2015,30,0
1537,Nebraska,NE,148165,9.4,0,All Races,2015,31,0
1541,Nevada,NV,341952,14.1,0,All Races,2015,32,0
1545,New Hampshire,NH,84026,7.8,0,All Races,2015,33,0
1549,New Jersey,NJ,745867,10.0,0,All Races,2015,34,0
1553,New Mexico,NM,225491,13.1,0,All Races,2015,35,1
1557,New York,NY,1351396,8.2,0,All Races,2015,36,0
1561,North Carolina,NC,1080102,13.0,0,All Races,2015,37,0
1565,North Dakota,ND,54797,8.7,0,All Races,2015,38,0
1569,Ohio,OH,735492,7.7,0,All Races,2015,39,0
1573,Oklahoma,OK,522022,16.1,0,All Races,2015,40,0
1577,Oregon,OR,278293,8.4,0,All Races,2015,41,0
1581,Pennsylvania,PA,786343,7.6,0,All Races,2015,42,0
1585,Rhode Island,RI,56939,6.7,0,All Races,2015,44,0
1589,South Carolina,SC,517674,13.0,0,All Races,2015,45,0
1593,South Dakota,SD,82558,11.8,0,All Races,2015,46,0
1597,Tennessee,TN,656235,12.0,0,All Races,2015,47,0
1601,Texas,TX,4536765,19.2,0,All Races,2015,48,0
1605,Utah,UT,306968,11.6,0,All Races,2015,49,0
1609,Vermont,VT,23229,4.7,0,All Races,2015,50,0
1613,Virginia,VA,722551,10.4,0,All Races,2015,51,0
1617,Washington,WA,459596,7.6,0,All Races,2015,53,0
1621,West Virginia,WV,106941,7.3,0,All Races,2015,54,0
1625,Wisconsin,WI,314933,6.6,0,All Races,2015,55,0
1629,Wyoming,WY,65487,13.4,0,All Races,2015,56,0
1633,Alabama,AL,427972,10.8,0,All Races,2016,01,0
1637,Alaska,AK,100787,15.5,0,All Races,2016,02,0
1641,Arizona,AZ,669819,11.9,0,All Races,2016,04,0
1645,Arkansas,AR,228342,9.4,0,All Races,2016,05,0
1649,California,CA,2787305,8.4,0,All Races,2016,06,0
1653,Colorado,CO,401879,8.6,0,All Races,2016,08,0
1657,Connecticut,CT,168258,5.8,0,All Races,2016,09,0
1661,Delaware,DE,51494,6.7,0,All Races,2016,10,0
1665,District of Columbia,DC,23274,4.1,0,All Races,2016,11,0
1669,Florida,FL,2478194,15.4,0,All Races,2016,12,0
1673,Georgia,GA,1295994,14.9,0,All Races,2016,13,0
1677,Hawaii,HI,48641,4.2,0,All Races,2016,15,0
1681,Idaho,ID,165164,11.8,0,All Races,2016,16,0
1685,Illinois,IL,801267,7.5,0,All Races,2016,17,0
1689,Indiana,IN,518435,9.5,0,All Races,2016,18,0
1693,Iowa,IA,126746,5.0,0,All Races,2016,19,0
1697,Kansas,KS,239482,9.9,0,All Races,2016,20,0
1701,Kentucky,KY,218900,6.0,0,All Races,2016,21,0
1705,Louisiana,LA,460244,11.8,0,All Races,2016,22,0
1709,Maine,ME,105736,10.1,0,All Races,2016,23,0
1713,Maryland,MD,353248,7.0,0,All Races,2016,24,0
1717,Massachusetts,MA,165417,3.0,0,All Races,2016,25,2
1721,Michigan,MI,519190,6.4,0,All Races,2016,26,0
1725,Minnesota,MN,220535,4.8,0,All Races,2016,27,0
1729,Mississippi,MS,342668,14.0,0,All Races,2016,28,0
1733,Missouri,MO,526350,10.6,0,All Races,2016,29,0
1737,Montana,MT,84231,10.0,0,All Races,2016,30,0
1741,Nebraska,NE,153934,9.7,0,All Races,2016,31,0
1745,Nevada,NV,323527,13.1,0,All Races,2016,32,0
1749,New Hampshire,NH,78021,7.2,0,All Races,2016,33,0
1753,New Jersey,NJ,681347,9.2,0,All Races,2016,34,0
1757,New Mexico,NM,189965,11.2,0,All Races,2016,35,1
1761,New York,NY,1151995,7.1,0,All Races,2016,36,0
1765,North Carolina,NC,1023107,12.2,0,All Races,2016,37,0
1769,North Dakota,ND,47683,7.6,0,All Races,2016,38,0
1773,Ohio,OH,632536,6.7,0,All Races,2016,39,0
1777,Oklahoma,OK,517631,16.0,0,All Races,2016,40,0
1781,Oregon,OR,248573,7.4,0,All Races,2016,41,0
1785,Pennsylvania,PA,691654,6.8,0,All Races,2016,42,0
1789,Rhode Island,RI,43275,5.1,0,All Races,2016,44,0
1793,South Carolina,SC,484799,12.1,0,All Races,2016,45,0
1797,South Dakota,SD,73089,10.4,0,All Races,2016,46,0
1801,Tennessee,TN,581927,10.6,0,All Races,2016,47,0
1805,Texas,TX,4444791,18.6,0,All Races,2016,48,0
1809,Utah,UT,259941,9.7,0,All Races,2016,49,0
1813,Vermont,VT,23063,4.7,0,All Races,2016,50,0
1817,Virginia,VA,692343,9.9,0,All Races,2016,51,0
1821,Washington,WA,420125,6.9,0,All Races,2016,53,0
1825,West Virginia,WV,94163,6.5,0,All Races,2016,54,0
1829,Wisconsin,WI,297297,6.3,0,All Races,2016,55,0
1833,Wyoming,WY,65310,13.4,0,All Races,2016,56,0
1837,Alabama,AL,438049,11.0,0,All Races,2017,01,0
1841,Alaska,AK,94727,14.8,0,All Races,2017,02,0
1845,Arizona,AZ,685974,12.1,0,All Races,2017,04,0
1849,Arkansas,AR,226179,9.3,0,All Races,2017,05,0
1853,California,CA,2740078,8.2,0,All Races,2017,06,0
1857,Colorado,CO,410250,8.7,0,All Races,2017,08,0
1861,Connecticut,CT,182122,6.3,0,All Races,2017,09,0
1865,Delaware,DE,46586,6.1,0,All Races,2017,10,0
1869,District of Columbia,DC,24833,4.3,0,All Races,2017,11,0
1873,Florida,FL,2615963,16.0,0,All Races,2017,12,0
1877,Georgia,GA,1361978,15.5,0,All Races,2017,13,0
1881,Hawaii,HI,53025,4.6,0,All Races,2017,15,0
1885,Idaho,ID,168400,11.8,0,All Races,2017,16,0
1889,Illinois,IL,837890,7.9,0,All Races,2017,17,0
1893,Indiana,IN,526667,9.6,0,All Races,2017,18,0
1897,Iowa,IA,139424,5.5,0,All Races,2017,19,0
1901,Kansas,KS,243306,10.1,0,All Races,2017,20,0
1905,Kentucky,KY,231153,6.4,0,All Races,2017,21,0
1909,Louisiana,LA,372802,9.6,0,All Races,2017,22,0
1913,Maine,ME,106863,10.2,0,All Races,2017,23,0
1917,Maryland,MD,353922,7.0,0,All Races,2017,24,0
1921,Massachusetts,MA,182389,3.3,0,All Races,2017,25,2
1925,Michigan,MI,496654,6.1,0,All Races,2017,26,0
1929,Minnesota,MN,235543,5.1,0,All Races,2017,27,0
1933,Mississippi,MS,352306,14.5,0,All Races,2017,28,0
1937,Missouri,MO,541217,10.9,0,All Races,2017,29,0
1941,Montana,MT,87780,10.4,0,All Races,2017,30,0
1945,Nebraska,NE,152068,9.6,0,All Races,2017,31,0
1949,Nevada,NV,327604,13.1,0,All Races,2017,32,0
1953,New Hampshire,NH,75492,7.0,0,All Races,2017,33,0
1957,New Jersey,NJ,668596,9.0,0,All Races,2017,34,0
1961,New Mexico,NM,186717,11.0,0,All Races,2017,35,1
1965,New York,NY,1079651,6.6,0,All Races,2017,36,0
1969,North Carolina,NC,1063335,12.6,0,All Races,2017,37,0
1973,North Dakota,ND,53542,8.6,0,All Races,2017,38,0
1977,Ohio,OH,671470,7.1,0,All Races,2017,39,0
1981,Oklahoma,OK,533903,16.5,0,All Races,2017,40,0
1985,Oregon,OR,277244,8.2,0,All Races,2017,41,0
1989,Pennsylvania,PA,674739,6.6,0,All Races,2017,42,0
1993,Rhode Island,RI,46220,5.4,0,All Races,2017,44,0
1997,South Carolina,SC,528726,13.1,0,All Races,2017,45,0
2001,South Dakota,SD,76049,10.8,0,All Races,2017,46,0
2005,Tennessee,TN,621332,11.3,0,All Races,2017,47,0
2009,Texas,TX,4704625,19.4,0,All Races,2017,48,0
2013,Utah,UT,273905,10.0,0,All Races,2017,49,0
2017,Vermont,VT,26857,5.5,0,All Races,2017,50,0
2021,Virginia,VA,709136,10.2,0,All Races,2017,51,0
2025,Washington,WA,438678,7.1,0,All Races,2017,53,0
2029,West Virginia,WV,106784,7.5,0,All Races,2017,54,0
2033,Wisconsin,WI,303172,6.4,0,All Races,2017,55,0
2037,Wyoming,WY,67560,14.2,0,All Races,2017,56,0
2041,Alabama,AL,470052,11.9,0,All Races,2018,01,0
2045,Alaska,AK,88519,13.9,0,All Races,2018,02,0
2049,Arizona,AZ,737852,12.8,0,All Races,2018,04,0
2053,Arkansas,AR,233441,9.6,0,All Races,2018,05,0
2057,California,CA,2772644,8.3,0,All Races,2018,06,0
2061,Colorado,CO,419456,8.8,0,All Races,2018,08,0
2065,Connecticut,CT,178690,6.2,0,All Races,2018,09,0
2069,Delaware,DE,51804,6.8,0,All Races,2018,10,0
2073,District of Columbia,DC,20753,3.6,0,All Races,2018,11,0
2077,Florida,FL,2673659,16.1,0,All Races,2018,12,0
2081,Georgia,GA,1398968,15.9,0,All Races,2018,13,0
2085,Hawaii,HI,53377,4.7,0,All Races,2018,15,0
2089,Idaho,ID,190472,13.1,0,All Races,2018,16,0
2093,Illinois,IL,853809,8.1,0,All Races,2018,17,0
2097,Indiana,IN,532695,9.7,0,All Races,2018,18,0
2101,Iowa,IA,142584,5.6,0,All Races,2018,19,0
2105,Kansas,KS,241000,10.1,0,All Races,2018,20,0
2109,Kentucky,KY,241947,6.7,0,All Races,2018,21,0
2113,Louisiana,LA,354948,9.3,0,All Races,2018,22,0
2117,Maine,ME,106052,10.2,0,All Races,2018,23,0
2121,Maryland,MD,346367,6.9,0,All Races,2018,24,0
2125,Massachusetts,MA,182533,3.3,0,All Races,2018,25,2
2129,Michigan,MI,526541,6.5,0,All Races,2018,26,0
2133,Minnesota,MN,238150,5.1,0,All Races,2018,27,0
2137,Mississippi,MS,349341,14.4,0,All Races,2018,28,0
2141,Missouri,MO,562414,11.4,0,All Races,2018,29,0
2145,Montana,MT,86396,10.2,0,All Races,2018,30,0
2149,Nebraska,NE,149728,9.4,0,All Races,2018,31,0
2153,Nevada,NV,326024,12.9,0,All Races,2018,32,0
2157,New Hampshire,NH,76244,7.1,0,All Races,2018,33,0
2161,New Jersey,NJ,642184,8.7,0,All Races,2018,34,0
2165,New Mexico,NM,194630,11.5,0,All Races,2018,35,1
2169,New York,NY,1007242,6.3,0,All Races,2018,36,0
2173,North Carolina,NC,1076670,12.7,0,All Races,2018,37,0
2177,North Dakota,ND,50455,8.1,0,All Races,2018,38,0
2181,Ohio,OH,729559,7.7,0,All Races,2018,39,0
2185,Oklahoma,OK,536856,16.6,0,All Races,2018,40,0
2189,Oregon,OR,285855,8.4,0,All Races,2018,41,0
2193,Pennsylvania,PA,681152,6.7,0,All Races,2018,42,0
2197,Rhode Island,RI,40378,4.8,0,All Races,2018,44,0
2201,South Carolina,SC,515001,12.7,0,All Races,2018,45,0
2205,South Dakota,SD,80090,11.2,0,All Races,2018,46,0
2209,Tennessee,TN,662260,12.0,0,All Races,2018,47,0
2213,Texas,TX,4883741,19.9,0,All Races,2018,48,0
2217,Utah,UT,288573,10.4,0,All Races,2018,49,0
2221,Vermont,VT,23522,4.9,0,All Races,2018,50,0
2225,Virginia,VA,705225,10.1,0,All Races,2018,51,0
2229,Washington,WA,469557,7.5,0,All Races,2018,53,0
2233,West Virginia,WV,109457,7.8,0,All Races,2018,54,0
2237,Wisconsin,WI,306773,6.5,0,All Races,2018,55,0
2241,Wyoming,WY,58689,12.4,0,All Races,2018,56,0
